Código Departamento,Código Municipio,Nombre Departamento,Nombre Municipio,Tipo
05,05001,ANTIOQUIA,MEDELLÍN,Municipio
05,05002,ANTIOQUIA,ABEJORRAL,Municipio
05,05004,ANTIOQUIA,ABRIAQUÍ,Municipio
05,05021,ANTIOQUIA,ALEJANDRÍA,Municipio
05,05030,ANTIOQUIA,AMAGÁ,Municipio
05,05031,ANTIOQUIA,AMALFI,Municipio
05,05034,ANTIOQUIA,ANDES,Municipio
05,05036,ANTIOQUIA,ANGELÓPOLIS,Municipio
05,05038,ANTIOQUIA,ANGOSTURA,Municipio
05,05040,ANTIOQUIA,ANORÍ,Municipio
05,05042,ANTIOQUIA,SANTA FÉ DE ANTIOQUIA,Municipio
05,05044,ANTIOQUIA,ANZÁ,Municipio
05,05045,ANTIOQUIA,APARTADÓ,Municipio
05,05051,ANTIOQUIA,ARBOLETES,Municipio
05,05055,ANTIOQUIA,ARGELIA,Municipio
05,05059,ANTIOQUIA,ARMENIA,Municipio
05,05079,ANTIOQUIA,BARBOSA,Municipio
05,05086,ANTIOQUIA,BELMIRA,Municipio
05,05088,ANTIOQUIA,BELLO,Municipio
05,05091,ANTIOQUIA,BETANIA,Municipio
05,05093,ANTIOQUIA,BETULIA,Municipio
05,05101,ANTIOQUIA,CIUDAD BOLÍVAR,Municipio
05,05107,ANTIOQUIA,BRICEÑO,Municipio
05,05113,ANTIOQUIA,BURITICÁ,Municipio
05,05120,ANTIOQUIA,CÁCERES,Municipio
05,05125,ANTIOQUIA,CAICEDO,Municipio
05,05129,ANTIOQUIA,CALDAS,Municipio
05,05134,ANTIOQUIA,CAMPAMENTO,Municipio
05,05138,ANTIOQUIA,CAÑASGORDAS,Municipio
05,05142,ANTIOQUIA,CARACOLÍ,Municipio
05,05145,ANTIOQUIA,CARAMANTA,Municipio
05,05147,ANTIOQUIA,CAREPA,Municipio
05,05148,ANTIOQUIA,EL CARMEN DE VIBORAL,Municipio
05,05150,ANTIOQUIA,CAROLINA,Municipio
05,05154,ANTIOQUIA,CAUCASIA,Municipio
05,05172,ANTIOQUIA,CHIGORODÓ,Municipio
05,05190,ANTIOQUIA,CISNEROS,Municipio
05,05197,ANTIOQUIA,COCORNÁ,Municipio
05,05206,ANTIOQUIA,CONCEPCIÓN,Municipio
05,05209,ANTIOQUIA,CONCORDIA,Municipio
05,05212,ANTIOQUIA,COPACABANA,Municipio
05,05234,ANTIOQUIA,DABEIBA,Municipio
05,05237,ANTIOQUIA,DONMATÍAS,Municipio
05,05240,ANTIOQUIA,EBÉJICO,Municipio
05,05250,ANTIOQUIA,EL BAGRE,Municipio
05,05264,ANTIOQUIA,ENTRERRÍOS,Municipio
05,05266,ANTIOQUIA,ENVIGADO,Municipio
05,05282,ANTIOQUIA,FREDONIA,Municipio
05,05284,ANTIOQUIA,FRONTINO,Municipio
05,05306,ANTIOQUIA,GIRALDO,Municipio
05,05308,ANTIOQUIA,GIRARDOTA,Municipio
05,05310,ANTIOQUIA,GÓMEZ PLATA,Municipio
05,05313,ANTIOQUIA,GRANADA,Municipio
05,05315,ANTIOQUIA,GUADALUPE,Municipio
05,05318,ANTIOQUIA,GUARNE,Municipio
05,05321,ANTIOQUIA,GUATAPÉ,Municipio
05,05347,ANTIOQUIA,HELICONIA,Municipio
05,05353,ANTIOQUIA,HISPANIA,Municipio
05,05360,ANTIOQUIA,ITAGÜÍ,Municipio
05,05361,ANTIOQUIA,ITUANGO,Municipio
05,05364,ANTIOQUIA,JARDÍN,Municipio
05,05368,ANTIOQUIA,JERICÓ,Municipio
05,05376,ANTIOQUIA,LA CEJA,Municipio
05,05380,ANTIOQUIA,LA ESTRELLA,Municipio
05,05390,ANTIOQUIA,LA PINTADA,Municipio
05,05400,ANTIOQUIA,LA UNIÓN,Municipio
05,05411,ANTIOQUIA,LIBORINA,Municipio
05,05425,ANTIOQUIA,MACEO,Municipio
05,05440,ANTIOQUIA,MARINILLA,Municipio
05,05467,ANTIOQUIA,MONTEBELLO,Municipio
05,05475,ANTIOQUIA,MURINDÓ,Municipio
05,05480,ANTIOQUIA,MUTATÁ,Municipio
05,05483,ANTIOQUIA,NARIÑO,Municipio
05,05490,ANTIOQUIA,NECOCLÍ,Municipio
05,05495,ANTIOQUIA,NECHÍ,Municipio
05,05501,ANTIOQUIA,OLAYA,Municipio
05,05541,ANTIOQUIA,PEÑOL,Municipio
05,05543,ANTIOQUIA,PEQUE,Municipio
05,05576,ANTIOQUIA,PUEBLORRICO,Municipio
05,05579,ANTIOQUIA,PUERTO BERRÍO,Municipio
05,05585,ANTIOQUIA,PUERTO NARE,Municipio
05,05591,ANTIOQUIA,PUERTO TRIUNFO,Municipio
05,05604,ANTIOQUIA,REMEDIOS,Municipio
05,05607,ANTIOQUIA,RETIRO,Municipio
05,05615,ANTIOQUIA,RIONEGRO,Municipio
05,05628,ANTIOQUIA,SABANALARGA,Municipio
05,05631,ANTIOQUIA,SABANETA,Municipio
05,05642,ANTIOQUIA,SALGAR,Municipio
05,05647,ANTIOQUIA,SAN ANDRÉS DE CUERQUÍA,Municipio
05,05649,ANTIOQUIA,SAN CARLOS,Municipio
05,05652,ANTIOQUIA,SAN FRANCISCO,Municipio
05,05656,ANTIOQUIA,SAN JERÓNIMO,Municipio
05,05658,ANTIOQUIA,SAN JOSÉ DE LA MONTAÑA,Municipio
05,05659,ANTIOQUIA,SAN JUAN DE URABÁ,Municipio
05,05660,ANTIOQUIA,SAN LUIS,Municipio
05,05664,ANTIOQUIA,SAN PEDRO DE LOS MILAGROS,Municipio
05,05665,ANTIOQUIA,SAN PEDRO DE URABÁ,Municipio
05,05667,ANTIOQUIA,SAN RAFAEL,Municipio
05,05670,ANTIOQUIA,SAN ROQUE,Municipio
05,05674,ANTIOQUIA,SAN VICENTE FERRER,Municipio
05,05679,ANTIOQUIA,SANTA BÁRBARA,Municipio
05,05686,ANTIOQUIA,SANTA ROSA DE OSOS,Municipio
05,05690,ANTIOQUIA,SANTO DOMINGO,Municipio
05,05697,ANTIOQUIA,EL SANTUARIO,Municipio
05,05736,ANTIOQUIA,SEGOVIA,Municipio
05,05756,ANTIOQUIA,SONSÓN,Municipio
05,05761,ANTIOQUIA,SOPETRÁN,Municipio
05,05789,ANTIOQUIA,TÁMESIS,Municipio
05,05790,ANTIOQUIA,TARAZÁ,Municipio
05,05792,ANTIOQUIA,TARSO,Municipio
05,05809,ANTIOQUIA,TITIRIBÍ,Municipio
05,05819,ANTIOQUIA,TOLEDO,Municipio
05,05837,ANTIOQUIA,TURBO,Municipio
05,05842,ANTIOQUIA,URAMITA,Municipio
05,05847,ANTIOQUIA,URRAO,Municipio
05,05854,ANTIOQUIA,VALDIVIA,Municipio
05,05856,ANTIOQUIA,VALPARAÍSO,Municipio
05,05858,ANTIOQUIA,VEGACHÍ,Municipio
05,05861,ANTIOQUIA,VENECIA,Municipio
05,05873,ANTIOQUIA,VIGÍA DEL FUERTE,Municipio
05,05885,ANTIOQUIA,YALÍ,Municipio
05,05887,ANTIOQUIA,YARUMAL,Municipio
05,05890,ANTIOQUIA,YOLOMBÓ,Municipio
05,05893,ANTIOQUIA,YONDÓ,Municipio
05,05895,ANTIOQUIA,ZARAGOZA,Municipio
08,08001,ATLÁNTICO,BARRANQUILLA,Municipio
08,08078,ATLÁNTICO,BARANOA,Municipio
08,08137,ATLÁNTICO,CAMPO DE LA CRUZ,Municipio
08,08141,ATLÁNTICO,CANDELARIA,Municipio
08,08296,ATLÁNTICO,GALAPA,Municipio
08,08372,ATLÁNTICO,JUAN DE ACOSTA,Municipio
08,08421,ATLÁNTICO,LURUACO,Municipio
08,08433,ATLÁNTICO,MALAMBO,Municipio
08,08436,ATLÁNTICO,MANATÍ,Municipio
08,08520,ATLÁNTICO,PALMAR DE VARELA,Municipio
08,08549,ATLÁNTICO,PIOJÓ,Municipio
08,08558,ATLÁNTICO,POLONUEVO,Municipio
08,08560,ATLÁNTICO,PONEDERA,Municipio
08,08573,ATLÁNTICO,PUERTO COLOMBIA,Municipio
08,08606,ATLÁNTICO,REPELÓN,Municipio
08,08634,ATLÁNTICO,SABANAGRANDE,Municipio
08,08638,ATLÁNTICO,SABANALARGA,Municipio
08,08675,ATLÁNTICO,SANTA LUCÍA,Municipio
08,08685,ATLÁNTICO,SANTO TOMÁS,Municipio
08,08758,ATLÁNTICO,SOLEDAD,Municipio
08,08770,ATLÁNTICO,SUAN,Municipio
08,08832,ATLÁNTICO,TUBARÁ,Municipio
08,08849,ATLÁNTICO,USIACURÍ,Municipio
11,11001,BOGOTÁ. D.C.,BOGOTÁ. D.C.,Municipio
13,13001,BOLÍVAR,CARTAGENA DE INDIAS,Municipio
13,13006,BOLÍVAR,ACHÍ,Municipio
13,13030,BOLÍVAR,ALTOS DEL ROSARIO,Municipio
13,13042,BOLÍVAR,ARENAL,Municipio
13,13052,BOLÍVAR,ARJONA,Municipio
13,13062,BOLÍVAR,ARROYOHONDO,Municipio
13,13074,BOLÍVAR,BARRANCO DE LOBA,Municipio
13,13140,BOLÍVAR,CALAMAR,Municipio
13,13160,BOLÍVAR,CANTAGALLO,Municipio
13,13188,BOLÍVAR,CICUCO,Municipio
13,13212,BOLÍVAR,CÓRDOBA,Municipio
13,13222,BOLÍVAR,CLEMENCIA,Municipio
13,13244,BOLÍVAR,EL CARMEN DE BOLÍVAR,Municipio
13,13248,BOLÍVAR,EL GUAMO,Municipio
13,13268,BOLÍVAR,EL PEÑÓN,Municipio
13,13300,BOLÍVAR,HATILLO DE LOBA,Municipio
13,13430,BOLÍVAR,MAGANGUÉ,Municipio
13,13433,BOLÍVAR,MAHATES,Municipio
13,13440,BOLÍVAR,MARGARITA,Municipio
13,13442,BOLÍVAR,MARÍA LA BAJA,Municipio
13,13458,BOLÍVAR,MONTECRISTO,Municipio
13,13468,BOLÍVAR,SANTA CRUZ DE MOMPOX,Municipio
13,13473,BOLÍVAR,MORALES,Municipio
13,13490,BOLÍVAR,NOROSÍ,Municipio
13,13549,BOLÍVAR,PINILLOS,Municipio
13,13580,BOLÍVAR,REGIDOR,Municipio
13,13600,BOLÍVAR,RÍO VIEJO,Municipio
13,13620,BOLÍVAR,SAN CRISTÓBAL,Municipio
13,13647,BOLÍVAR,SAN ESTANISLAO,Municipio
13,13650,BOLÍVAR,SAN FERNANDO,Municipio
13,13654,BOLÍVAR,SAN JACINTO,Municipio
13,13655,BOLÍVAR,SAN JACINTO DEL CAUCA,Municipio
13,13657,BOLÍVAR,SAN JUAN NEPOMUCENO,Municipio
13,13667,BOLÍVAR,SAN MARTÍN DE LOBA,Municipio
13,13670,BOLÍVAR,SAN PABLO,Municipio
13,13673,BOLÍVAR,SANTA CATALINA,Municipio
13,13683,BOLÍVAR,SANTA ROSA,Municipio
13,13688,BOLÍVAR,SANTA ROSA DEL SUR,Municipio
13,13744,BOLÍVAR,SIMITÍ,Municipio
13,13760,BOLÍVAR,SOPLAVIENTO,Municipio
13,13780,BOLÍVAR,TALAIGUA NUEVO,Municipio
13,13810,BOLÍVAR,TIQUISIO,Municipio
13,13836,BOLÍVAR,TURBACO,Municipio
13,13838,BOLÍVAR,TURBANÁ,Municipio
13,13873,BOLÍVAR,VILLANUEVA,Municipio
13,13894,BOLÍVAR,ZAMBRANO,Municipio
15,15001,BOYACÁ,TUNJA,Municipio
15,15022,BOYACÁ,ALMEIDA,Municipio
15,15047,BOYACÁ,AQUITANIA,Municipio
15,15051,BOYACÁ,ARCABUCO,Municipio
15,15087,BOYACÁ,BELÉN,Municipio
15,15090,BOYACÁ,BERBEO,Municipio
15,15092,BOYACÁ,BETÉITIVA,Municipio
15,15097,BOYACÁ,BOAVITA,Municipio
15,15104,BOYACÁ,BOYACÁ,Municipio
15,15106,BOYACÁ,BRICEÑO,Municipio
15,15109,BOYACÁ,BUENAVISTA,Municipio
15,15114,BOYACÁ,BUSBANZÁ,Municipio
15,15131,BOYACÁ,CALDAS,Municipio
15,15135,BOYACÁ,CAMPOHERMOSO,Municipio
15,15162,BOYACÁ,CERINZA,Municipio
15,15172,BOYACÁ,CHINAVITA,Municipio
15,15176,BOYACÁ,CHIQUINQUIRÁ,Municipio
15,15180,BOYACÁ,CHISCAS,Municipio
15,15183,BOYACÁ,CHITA,Municipio
15,15185,BOYACÁ,CHITARAQUE,Municipio
15,15187,BOYACÁ,CHIVATÁ,Municipio
15,15189,BOYACÁ,CIÉNEGA,Municipio
15,15204,BOYACÁ,CÓMBITA,Municipio
15,15212,BOYACÁ,COPER,Municipio
15,15215,BOYACÁ,CORRALES,Municipio
15,15218,BOYACÁ,COVARACHÍA,Municipio
15,15223,BOYACÁ,CUBARÁ,Municipio
19,19318,CAUCA,GUAPI,Municipio
15,15224,BOYACÁ,CUCAITA,Municipio
15,15226,BOYACÁ,CUÍTIVA,Municipio
15,15232,BOYACÁ,CHÍQUIZA,Municipio
15,15236,BOYACÁ,CHIVOR,Municipio
15,15238,BOYACÁ,DUITAMA,Municipio
15,15244,BOYACÁ,EL COCUY,Municipio
15,15248,BOYACÁ,EL ESPINO,Municipio
15,15272,BOYACÁ,FIRAVITOBA,Municipio
15,15276,BOYACÁ,FLORESTA,Municipio
15,15293,BOYACÁ,GACHANTIVÁ,Municipio
15,15296,BOYACÁ,GÁMEZA,Municipio
15,15299,BOYACÁ,GARAGOA,Municipio
15,15317,BOYACÁ,GUACAMAYAS,Municipio
15,15322,BOYACÁ,GUATEQUE,Municipio
15,15325,BOYACÁ,GUAYATÁ,Municipio
15,15332,BOYACÁ,GÜICÁN DE LA SIERRA,Municipio
15,15362,BOYACÁ,IZA,Municipio
15,15367,BOYACÁ,JENESANO,Municipio
15,15368,BOYACÁ,JERICÓ,Municipio
15,15377,BOYACÁ,LABRANZAGRANDE,Municipio
15,15380,BOYACÁ,LA CAPILLA,Municipio
15,15401,BOYACÁ,LA VICTORIA,Municipio
15,15403,BOYACÁ,LA UVITA,Municipio
15,15407,BOYACÁ,VILLA DE LEYVA,Municipio
15,15425,BOYACÁ,MACANAL,Municipio
15,15442,BOYACÁ,MARIPÍ,Municipio
15,15455,BOYACÁ,MIRAFLORES,Municipio
15,15464,BOYACÁ,MONGUA,Municipio
15,15466,BOYACÁ,MONGUÍ,Municipio
15,15469,BOYACÁ,MONIQUIRÁ,Municipio
15,15476,BOYACÁ,MOTAVITA,Municipio
15,15480,BOYACÁ,MUZO,Municipio
15,15491,BOYACÁ,NOBSA,Municipio
15,15494,BOYACÁ,NUEVO COLÓN,Municipio
15,15500,BOYACÁ,OICATÁ,Municipio
15,15507,BOYACÁ,OTANCHE,Municipio
15,15511,BOYACÁ,PACHAVITA,Municipio
15,15514,BOYACÁ,PÁEZ,Municipio
15,15516,BOYACÁ,PAIPA,Municipio
15,15518,BOYACÁ,PAJARITO,Municipio
15,15522,BOYACÁ,PANQUEBA,Municipio
15,15531,BOYACÁ,PAUNA,Municipio
15,15533,BOYACÁ,PAYA,Municipio
15,15537,BOYACÁ,PAZ DE RÍO,Municipio
15,15542,BOYACÁ,PESCA,Municipio
15,15550,BOYACÁ,PISBA,Municipio
15,15572,BOYACÁ,PUERTO BOYACÁ,Municipio
15,15580,BOYACÁ,QUÍPAMA,Municipio
15,15599,BOYACÁ,RAMIRIQUÍ,Municipio
15,15600,BOYACÁ,RÁQUIRA,Municipio
15,15621,BOYACÁ,RONDÓN,Municipio
15,15632,BOYACÁ,SABOYÁ,Municipio
15,15638,BOYACÁ,SÁCHICA,Municipio
15,15646,BOYACÁ,SAMACÁ,Municipio
15,15660,BOYACÁ,SAN EDUARDO,Municipio
15,15664,BOYACÁ,SAN JOSÉ DE PARE,Municipio
15,15667,BOYACÁ,SAN LUIS DE GACENO,Municipio
15,15673,BOYACÁ,SAN MATEO,Municipio
15,15676,BOYACÁ,SAN MIGUEL DE SEMA,Municipio
15,15681,BOYACÁ,SAN PABLO DE BORBUR,Municipio
15,15686,BOYACÁ,SANTANA,Municipio
15,15690,BOYACÁ,SANTA MARÍA,Municipio
15,15693,BOYACÁ,SANTA ROSA DE VITERBO,Municipio
15,15696,BOYACÁ,SANTA SOFÍA,Municipio
15,15720,BOYACÁ,SATIVANORTE,Municipio
15,15723,BOYACÁ,SATIVASUR,Municipio
15,15740,BOYACÁ,SIACHOQUE,Municipio
15,15753,BOYACÁ,SOATÁ,Municipio
15,15755,BOYACÁ,SOCOTÁ,Municipio
15,15757,BOYACÁ,SOCHA,Municipio
15,15759,BOYACÁ,SOGAMOSO,Municipio
15,15761,BOYACÁ,SOMONDOCO,Municipio
15,15762,BOYACÁ,SORA,Municipio
15,15763,BOYACÁ,SOTAQUIRÁ,Municipio
15,15764,BOYACÁ,SORACÁ,Municipio
15,15774,BOYACÁ,SUSACÓN,Municipio
15,15776,BOYACÁ,SUTAMARCHÁN,Municipio
15,15778,BOYACÁ,SUTATENZA,Municipio
15,15790,BOYACÁ,TASCO,Municipio
15,15798,BOYACÁ,TENZA,Municipio
15,15804,BOYACÁ,TIBANÁ,Municipio
15,15806,BOYACÁ,TIBASOSA,Municipio
15,15808,BOYACÁ,TINJACÁ,Municipio
15,15810,BOYACÁ,TIPACOQUE,Municipio
15,15814,BOYACÁ,TOCA,Municipio
15,15816,BOYACÁ,TOGÜÍ,Municipio
15,15820,BOYACÁ,TÓPAGA,Municipio
15,15822,BOYACÁ,TOTA,Municipio
15,15832,BOYACÁ,TUNUNGUÁ,Municipio
15,15835,BOYACÁ,TURMEQUÉ,Municipio
15,15837,BOYACÁ,TUTA,Municipio
15,15839,BOYACÁ,TUTAZÁ,Municipio
15,15842,BOYACÁ,ÚMBITA,Municipio
15,15861,BOYACÁ,VENTAQUEMADA,Municipio
15,15879,BOYACÁ,VIRACACHÁ,Municipio
15,15897,BOYACÁ,ZETAQUIRA,Municipio
17,17001,CALDAS,MANIZALES,Municipio
17,17013,CALDAS,AGUADAS,Municipio
17,17042,CALDAS,ANSERMA,Municipio
17,17050,CALDAS,ARANZAZU,Municipio
17,17088,CALDAS,BELALCÁZAR,Municipio
17,17174,CALDAS,CHINCHINÁ,Municipio
17,17272,CALDAS,FILADELFIA,Municipio
17,17380,CALDAS,LA DORADA,Municipio
17,17388,CALDAS,LA MERCED,Municipio
17,17433,CALDAS,MANZANARES,Municipio
17,17442,CALDAS,MARMATO,Municipio
17,17444,CALDAS,MARQUETALIA,Municipio
17,17446,CALDAS,MARULANDA,Municipio
17,17486,CALDAS,NEIRA,Municipio
17,17495,CALDAS,NORCASIA,Municipio
17,17513,CALDAS,PÁCORA,Municipio
17,17524,CALDAS,PALESTINA,Municipio
17,17541,CALDAS,PENSILVANIA,Municipio
17,17614,CALDAS,RIOSUCIO,Municipio
17,17616,CALDAS,RISARALDA,Municipio
17,17653,CALDAS,SALAMINA,Municipio
17,17662,CALDAS,SAMANÁ,Municipio
17,17665,CALDAS,SAN JOSÉ,Municipio
17,17777,CALDAS,SUPÍA,Municipio
17,17867,CALDAS,VICTORIA,Municipio
17,17873,CALDAS,VILLAMARÍA,Municipio
17,17877,CALDAS,VITERBO,Municipio
18,18001,CAQUETÁ,FLORENCIA,Municipio
18,18029,CAQUETÁ,ALBANIA,Municipio
18,18094,CAQUETÁ,BELÉN DE LOS ANDAQUÍES,Municipio
18,18150,CAQUETÁ,CARTAGENA DEL CHAIRÁ,Municipio
18,18205,CAQUETÁ,CURILLO,Municipio
18,18247,CAQUETÁ,EL DONCELLO,Municipio
18,18256,CAQUETÁ,EL PAUJÍL,Municipio
18,18410,CAQUETÁ,LA MONTAÑITA,Municipio
18,18460,CAQUETÁ,MILÁN,Municipio
18,18479,CAQUETÁ,MORELIA,Municipio
18,18592,CAQUETÁ,PUERTO RICO,Municipio
18,18610,CAQUETÁ,SAN JOSÉ DEL FRAGUA,Municipio
18,18753,CAQUETÁ,SAN VICENTE DEL CAGUÁN,Municipio
18,18756,CAQUETÁ,SOLANO,Municipio
18,18785,CAQUETÁ,SOLITA,Municipio
18,18860,CAQUETÁ,VALPARAÍSO,Municipio
19,19001,CAUCA,POPAYÁN,Municipio
19,19022,CAUCA,ALMAGUER,Municipio
19,19050,CAUCA,ARGELIA,Municipio
19,19075,CAUCA,BALBOA,Municipio
19,19100,CAUCA,BOLÍVAR,Municipio
19,19110,CAUCA,BUENOS AIRES,Municipio
19,19130,CAUCA,CAJIBÍO,Municipio
19,19137,CAUCA,CALDONO,Municipio
19,19142,CAUCA,CALOTO,Municipio
19,19212,CAUCA,CORINTO,Municipio
19,19256,CAUCA,EL TAMBO,Municipio
19,19290,CAUCA,FLORENCIA,Municipio
19,19300,CAUCA,GUACHENÉ,Municipio
19,19355,CAUCA,INZÁ,Municipio
19,19364,CAUCA,JAMBALÓ,Municipio
19,19392,CAUCA,LA SIERRA,Municipio
19,19397,CAUCA,LA VEGA,Municipio
19,19418,CAUCA,LÓPEZ DE MICAY,Municipio
19,19450,CAUCA,MERCADERES,Municipio
19,19455,CAUCA,MIRANDA,Municipio
19,19473,CAUCA,MORALES,Municipio
19,19513,CAUCA,PADILLA,Municipio
19,19517,CAUCA,PÁEZ,Municipio
19,19532,CAUCA,PATÍA,Municipio
19,19533,CAUCA,PIAMONTE,Municipio
19,19548,CAUCA,PIENDAMÓ - TUNÍA,Municipio
19,19573,CAUCA,PUERTO TEJADA,Municipio
19,19585,CAUCA,PURACÉ,Municipio
19,19622,CAUCA,ROSAS,Municipio
19,19693,CAUCA,SAN SEBASTIÁN,Municipio
19,19698,CAUCA,SANTANDER DE QUILICHAO,Municipio
19,19701,CAUCA,SANTA ROSA,Municipio
19,19743,CAUCA,SILVIA,Municipio
19,19760,CAUCA,SOTARÁ PAISPAMBA,Municipio
19,19780,CAUCA,SUÁREZ,Municipio
19,19785,CAUCA,SUCRE,Municipio
19,19807,CAUCA,TIMBÍO,Municipio
19,19809,CAUCA,TIMBIQUÍ,Municipio
19,19821,CAUCA,TORIBÍO,Municipio
19,19824,CAUCA,TOTORÓ,Municipio
19,19845,CAUCA,VILLA RICA,Municipio
20,20001,CESAR,VALLEDUPAR,Municipio
20,20011,CESAR,AGUACHICA,Municipio
20,20013,CESAR,AGUSTÍN CODAZZI,Municipio
20,20032,CESAR,ASTREA,Municipio
20,20045,CESAR,BECERRIL,Municipio
20,20060,CESAR,BOSCONIA,Municipio
20,20175,CESAR,CHIMICHAGUA,Municipio
20,20178,CESAR,CHIRIGUANÁ,Municipio
20,20228,CESAR,CURUMANÍ,Municipio
20,20238,CESAR,EL COPEY,Municipio
20,20250,CESAR,EL PASO,Municipio
20,20295,CESAR,GAMARRA,Municipio
20,20310,CESAR,GONZÁLEZ,Municipio
20,20383,CESAR,LA GLORIA,Municipio
20,20400,CESAR,LA JAGUA DE IBIRICO,Municipio
20,20443,CESAR,MANAURE BALCÓN DEL CESAR,Municipio
20,20517,CESAR,PAILITAS,Municipio
20,20550,CESAR,PELAYA,Municipio
20,20570,CESAR,PUEBLO BELLO,Municipio
20,20614,CESAR,RÍO DE ORO,Municipio
20,20621,CESAR,LA PAZ,Municipio
20,20710,CESAR,SAN ALBERTO,Municipio
20,20750,CESAR,SAN DIEGO,Municipio
20,20770,CESAR,SAN MARTÍN,Municipio
20,20787,CESAR,TAMALAMEQUE,Municipio
23,23001,CÓRDOBA,MONTERÍA,Municipio
23,23068,CÓRDOBA,AYAPEL,Municipio
23,23079,CÓRDOBA,BUENAVISTA,Municipio
23,23090,CÓRDOBA,CANALETE,Municipio
23,23162,CÓRDOBA,CERETÉ,Municipio
23,23168,CÓRDOBA,CHIMÁ,Municipio
23,23182,CÓRDOBA,CHINÚ,Municipio
23,23189,CÓRDOBA,CIÉNAGA DE ORO,Municipio
23,23300,CÓRDOBA,COTORRA,Municipio
23,23350,CÓRDOBA,LA APARTADA,Municipio
23,23417,CÓRDOBA,LORICA,Municipio
23,23419,CÓRDOBA,LOS CÓRDOBAS,Municipio
23,23464,CÓRDOBA,MOMIL,Municipio
23,23466,CÓRDOBA,MONTELÍBANO,Municipio
23,23500,CÓRDOBA,MOÑITOS,Municipio
23,23555,CÓRDOBA,PLANETA RICA,Municipio
23,23570,CÓRDOBA,PUEBLO NUEVO,Municipio
23,23574,CÓRDOBA,PUERTO ESCONDIDO,Municipio
23,23580,CÓRDOBA,PUERTO LIBERTADOR,Municipio
23,23586,CÓRDOBA,PURÍSIMA DE LA CONCEPCIÓN,Municipio
23,23660,CÓRDOBA,SAHAGÚN,Municipio
23,23670,CÓRDOBA,SAN ANDRÉS DE SOTAVENTO,Municipio
23,23672,CÓRDOBA,SAN ANTERO,Municipio
23,23675,CÓRDOBA,SAN BERNARDO DEL VIENTO,Municipio
23,23678,CÓRDOBA,SAN CARLOS,Municipio
23,23682,CÓRDOBA,SAN JOSÉ DE URÉ,Municipio
23,23686,CÓRDOBA,SAN PELAYO,Municipio
23,23807,CÓRDOBA,TIERRALTA,Municipio
23,23815,CÓRDOBA,TUCHÍN,Municipio
23,23855,CÓRDOBA,VALENCIA,Municipio
25,25001,CUNDINAMARCA,AGUA DE DIOS,Municipio
25,25019,CUNDINAMARCA,ALBÁN,Municipio
25,25035,CUNDINAMARCA,ANAPOIMA,Municipio
25,25040,CUNDINAMARCA,ANOLAIMA,Municipio
25,25053,CUNDINAMARCA,ARBELÁEZ,Municipio
25,25086,CUNDINAMARCA,BELTRÁN,Municipio
25,25095,CUNDINAMARCA,BITUIMA,Municipio
25,25099,CUNDINAMARCA,BOJACÁ,Municipio
25,25120,CUNDINAMARCA,CABRERA,Municipio
25,25123,CUNDINAMARCA,CACHIPAY,Municipio
25,25126,CUNDINAMARCA,CAJICÁ,Municipio
25,25148,CUNDINAMARCA,CAPARRAPÍ,Municipio
25,25151,CUNDINAMARCA,CÁQUEZA,Municipio
25,25154,CUNDINAMARCA,CARMEN DE CARUPA,Municipio
25,25168,CUNDINAMARCA,CHAGUANÍ,Municipio
25,25175,CUNDINAMARCA,CHÍA,Municipio
25,25178,CUNDINAMARCA,CHIPAQUE,Municipio
25,25181,CUNDINAMARCA,CHOACHÍ,Municipio
25,25183,CUNDINAMARCA,CHOCONTÁ,Municipio
25,25200,CUNDINAMARCA,COGUA,Municipio
25,25214,CUNDINAMARCA,COTA,Municipio
25,25224,CUNDINAMARCA,CUCUNUBÁ,Municipio
25,25245,CUNDINAMARCA,EL COLEGIO,Municipio
25,25258,CUNDINAMARCA,EL PEÑÓN,Municipio
25,25260,CUNDINAMARCA,EL ROSAL,Municipio
25,25269,CUNDINAMARCA,FACATATIVÁ,Municipio
25,25279,CUNDINAMARCA,FÓMEQUE,Municipio
25,25281,CUNDINAMARCA,FOSCA,Municipio
25,25286,CUNDINAMARCA,FUNZA,Municipio
25,25288,CUNDINAMARCA,FÚQUENE,Municipio
25,25290,CUNDINAMARCA,FUSAGASUGÁ,Municipio
25,25293,CUNDINAMARCA,GACHALÁ,Municipio
25,25295,CUNDINAMARCA,GACHANCIPÁ,Municipio
25,25297,CUNDINAMARCA,GACHETÁ,Municipio
25,25299,CUNDINAMARCA,GAMA,Municipio
25,25307,CUNDINAMARCA,GIRARDOT,Municipio
25,25312,CUNDINAMARCA,GRANADA,Municipio
25,25317,CUNDINAMARCA,GUACHETÁ,Municipio
25,25320,CUNDINAMARCA,GUADUAS,Municipio
25,25322,CUNDINAMARCA,GUASCA,Municipio
25,25324,CUNDINAMARCA,GUATAQUÍ,Municipio
25,25326,CUNDINAMARCA,GUATAVITA,Municipio
25,25328,CUNDINAMARCA,GUAYABAL DE SÍQUIMA,Municipio
25,25335,CUNDINAMARCA,GUAYABETAL,Municipio
25,25339,CUNDINAMARCA,GUTIÉRREZ,Municipio
25,25368,CUNDINAMARCA,JERUSALÉN,Municipio
25,25372,CUNDINAMARCA,JUNÍN,Municipio
25,25377,CUNDINAMARCA,LA CALERA,Municipio
25,25386,CUNDINAMARCA,LA MESA,Municipio
25,25394,CUNDINAMARCA,LA PALMA,Municipio
25,25398,CUNDINAMARCA,LA PEÑA,Municipio
25,25402,CUNDINAMARCA,LA VEGA,Municipio
25,25407,CUNDINAMARCA,LENGUAZAQUE,Municipio
25,25426,CUNDINAMARCA,MACHETÁ,Municipio
25,25430,CUNDINAMARCA,MADRID,Municipio
25,25436,CUNDINAMARCA,MANTA,Municipio
25,25438,CUNDINAMARCA,MEDINA,Municipio
25,25473,CUNDINAMARCA,MOSQUERA,Municipio
25,25483,CUNDINAMARCA,NARIÑO,Municipio
25,25486,CUNDINAMARCA,NEMOCÓN,Municipio
25,25488,CUNDINAMARCA,NILO,Municipio
25,25489,CUNDINAMARCA,NIMAIMA,Municipio
25,25491,CUNDINAMARCA,NOCAIMA,Municipio
25,25506,CUNDINAMARCA,VENECIA,Municipio
25,25513,CUNDINAMARCA,PACHO,Municipio
25,25518,CUNDINAMARCA,PAIME,Municipio
25,25524,CUNDINAMARCA,PANDI,Municipio
25,25530,CUNDINAMARCA,PARATEBUENO,Municipio
25,25535,CUNDINAMARCA,PASCA,Municipio
25,25572,CUNDINAMARCA,PUERTO SALGAR,Municipio
25,25580,CUNDINAMARCA,PULÍ,Municipio
25,25592,CUNDINAMARCA,QUEBRADANEGRA,Municipio
25,25594,CUNDINAMARCA,QUETAME,Municipio
25,25596,CUNDINAMARCA,QUIPILE,Municipio
25,25599,CUNDINAMARCA,APULO,Municipio
25,25612,CUNDINAMARCA,RICAURTE,Municipio
25,25645,CUNDINAMARCA,SAN ANTONIO DEL TEQUENDAMA,Municipio
25,25649,CUNDINAMARCA,SAN BERNARDO,Municipio
25,25653,CUNDINAMARCA,SAN CAYETANO,Municipio
25,25658,CUNDINAMARCA,SAN FRANCISCO,Municipio
25,25662,CUNDINAMARCA,SAN JUAN DE RIOSECO,Municipio
25,25718,CUNDINAMARCA,SASAIMA,Municipio
25,25736,CUNDINAMARCA,SESQUILÉ,Municipio
25,25740,CUNDINAMARCA,SIBATÉ,Municipio
25,25743,CUNDINAMARCA,SILVANIA,Municipio
25,25745,CUNDINAMARCA,SIMIJACA,Municipio
25,25754,CUNDINAMARCA,SOACHA,Municipio
25,25758,CUNDINAMARCA,SOPÓ,Municipio
25,25769,CUNDINAMARCA,SUBACHOQUE,Municipio
25,25772,CUNDINAMARCA,SUESCA,Municipio
25,25777,CUNDINAMARCA,SUPATÁ,Municipio
25,25779,CUNDINAMARCA,SUSA,Municipio
25,25781,CUNDINAMARCA,SUTATAUSA,Municipio
25,25785,CUNDINAMARCA,TABIO,Municipio
25,25793,CUNDINAMARCA,TAUSA,Municipio
25,25797,CUNDINAMARCA,TENA,Municipio
25,25799,CUNDINAMARCA,TENJO,Municipio
25,25805,CUNDINAMARCA,TIBACUY,Municipio
25,25807,CUNDINAMARCA,TIBIRITA,Municipio
25,25815,CUNDINAMARCA,TOCAIMA,Municipio
25,25817,CUNDINAMARCA,TOCANCIPÁ,Municipio
25,25823,CUNDINAMARCA,TOPAIPÍ,Municipio
25,25839,CUNDINAMARCA,UBALÁ,Municipio
25,25841,CUNDINAMARCA,UBAQUE,Municipio
25,25843,CUNDINAMARCA,VILLA DE SAN DIEGO DE UBATÉ,Municipio
25,25845,CUNDINAMARCA,UNE,Municipio
25,25851,CUNDINAMARCA,ÚTICA,Municipio
25,25862,CUNDINAMARCA,VERGARA,Municipio
25,25867,CUNDINAMARCA,VIANÍ,Municipio
25,25871,CUNDINAMARCA,VILLAGÓMEZ,Municipio
25,25873,CUNDINAMARCA,VILLAPINZÓN,Municipio
25,25875,CUNDINAMARCA,VILLETA,Municipio
25,25878,CUNDINAMARCA,VIOTÁ,Municipio
25,25885,CUNDINAMARCA,YACOPÍ,Municipio
25,25898,CUNDINAMARCA,ZIPACÓN,Municipio
25,25899,CUNDINAMARCA,ZIPAQUIRÁ,Municipio
27,27001,CHOCÓ,QUIBDÓ,Municipio
27,27006,CHOCÓ,ACANDÍ,Municipio
27,27025,CHOCÓ,ALTO BAUDÓ,Municipio
27,27050,CHOCÓ,ATRATO,Municipio
27,27073,CHOCÓ,BAGADÓ,Municipio
27,27075,CHOCÓ,BAHÍA SOLANO,Municipio
27,27077,CHOCÓ,BAJO BAUDÓ,Municipio
27,27099,CHOCÓ,BOJAYÁ,Municipio
27,27135,CHOCÓ,EL CANTÓN DEL SAN PABLO,Municipio
27,27150,CHOCÓ,CARMEN DEL DARIÉN,Municipio
27,27160,CHOCÓ,CÉRTEGUI,Municipio
27,27205,CHOCÓ,CONDOTO,Municipio
27,27245,CHOCÓ,EL CARMEN DE ATRATO,Municipio
27,27250,CHOCÓ,EL LITORAL DEL SAN JUAN,Municipio
27,27361,CHOCÓ,ISTMINA,Municipio
27,27372,CHOCÓ,JURADÓ,Municipio
27,27413,CHOCÓ,LLORÓ,Municipio
27,27425,CHOCÓ,MEDIO ATRATO,Municipio
27,27430,CHOCÓ,MEDIO BAUDÓ,Municipio
27,27450,CHOCÓ,MEDIO SAN JUAN,Municipio
27,27491,CHOCÓ,NÓVITA,Municipio
27,27495,CHOCÓ,NUQUÍ,Municipio
27,27580,CHOCÓ,RÍO IRÓ,Municipio
27,27600,CHOCÓ,RÍO QUITO,Municipio
27,27615,CHOCÓ,RIOSUCIO,Municipio
27,27660,CHOCÓ,SAN JOSÉ DEL PALMAR,Municipio
27,27745,CHOCÓ,SIPÍ,Municipio
27,27787,CHOCÓ,TADÓ,Municipio
27,27800,CHOCÓ,UNGUÍA,Municipio
27,27810,CHOCÓ,UNIÓN PANAMERICANA,Municipio
41,41001,HUILA,NEIVA,Municipio
41,41006,HUILA,ACEVEDO,Municipio
41,41013,HUILA,AGRADO,Municipio
41,41016,HUILA,AIPE,Municipio
41,41020,HUILA,ALGECIRAS,Municipio
41,41026,HUILA,ALTAMIRA,Municipio
41,41078,HUILA,BARAYA,Municipio
41,41132,HUILA,CAMPOALEGRE,Municipio
41,41206,HUILA,COLOMBIA,Municipio
41,41244,HUILA,ELÍAS,Municipio
41,41298,HUILA,GARZÓN,Municipio
41,41306,HUILA,GIGANTE,Municipio
41,41319,HUILA,GUADALUPE,Municipio
41,41349,HUILA,HOBO,Municipio
41,41357,HUILA,ÍQUIRA,Municipio
41,41359,HUILA,ISNOS,Municipio
41,41378,HUILA,LA ARGENTINA,Municipio
41,41396,HUILA,LA PLATA,Municipio
41,41483,HUILA,NÁTAGA,Municipio
41,41503,HUILA,OPORAPA,Municipio
41,41518,HUILA,PAICOL,Municipio
41,41524,HUILA,PALERMO,Municipio
41,41530,HUILA,PALESTINA,Municipio
41,41548,HUILA,PITAL,Municipio
41,41551,HUILA,PITALITO,Municipio
41,41615,HUILA,RIVERA,Municipio
41,41660,HUILA,SALADOBLANCO,Municipio
41,41668,HUILA,SAN AGUSTÍN,Municipio
41,41676,HUILA,SANTA MARÍA,Municipio
41,41770,HUILA,SUAZA,Municipio
41,41791,HUILA,TARQUI,Municipio
41,41797,HUILA,TESALIA,Municipio
41,41799,HUILA,TELLO,Municipio
41,41801,HUILA,TERUEL,Municipio
41,41807,HUILA,TIMANÁ,Municipio
41,41872,HUILA,VILLAVIEJA,Municipio
41,41885,HUILA,YAGUARÁ,Municipio
44,44001,LA GUAJIRA,RIOHACHA,Municipio
44,44035,LA GUAJIRA,ALBANIA,Municipio
44,44078,LA GUAJIRA,BARRANCAS,Municipio
44,44090,LA GUAJIRA,DIBULLA,Municipio
44,44098,LA GUAJIRA,DISTRACCIÓN,Municipio
44,44110,LA GUAJIRA,EL MOLINO,Municipio
44,44279,LA GUAJIRA,FONSECA,Municipio
44,44378,LA GUAJIRA,HATONUEVO,Municipio
44,44420,LA GUAJIRA,LA JAGUA DEL PILAR,Municipio
44,44430,LA GUAJIRA,MAICAO,Municipio
44,44560,LA GUAJIRA,MANAURE,Municipio
44,44650,LA GUAJIRA,SAN JUAN DEL CESAR,Municipio
44,44847,LA GUAJIRA,URIBIA,Municipio
44,44855,LA GUAJIRA,URUMITA,Municipio
44,44874,LA GUAJIRA,VILLANUEVA,Municipio
47,47001,MAGDALENA,SANTA MARTA,Municipio
47,47030,MAGDALENA,ALGARROBO,Municipio
47,47053,MAGDALENA,ARACATACA,Municipio
47,47058,MAGDALENA,ARIGUANÍ,Municipio
47,47161,MAGDALENA,CERRO DE SAN ANTONIO,Municipio
47,47170,MAGDALENA,CHIVOLO,Municipio
47,47189,MAGDALENA,CIÉNAGA,Municipio
47,47205,MAGDALENA,CONCORDIA,Municipio
47,47245,MAGDALENA,EL BANCO,Municipio
47,47258,MAGDALENA,EL PIÑÓN,Municipio
47,47268,MAGDALENA,EL RETÉN,Municipio
47,47288,MAGDALENA,FUNDACIÓN,Municipio
47,47318,MAGDALENA,GUAMAL,Municipio
47,47460,MAGDALENA,NUEVA GRANADA,Municipio
47,47541,MAGDALENA,PEDRAZA,Municipio
47,47545,MAGDALENA,PIJIÑO DEL CARMEN,Municipio
47,47551,MAGDALENA,PIVIJAY,Municipio
47,47555,MAGDALENA,PLATO,Municipio
47,47570,MAGDALENA,PUEBLOVIEJO,Municipio
47,47605,MAGDALENA,REMOLINO,Municipio
47,47660,MAGDALENA,SABANAS DE SAN ÁNGEL,Municipio
47,47675,MAGDALENA,SALAMINA,Municipio
47,47692,MAGDALENA,SAN SEBASTIÁN DE BUENAVISTA,Municipio
47,47703,MAGDALENA,SAN ZENÓN,Municipio
47,47707,MAGDALENA,SANTA ANA,Municipio
47,47720,MAGDALENA,SANTA BÁRBARA DE PINTO,Municipio
47,47745,MAGDALENA,SITIONUEVO,Municipio
47,47798,MAGDALENA,TENERIFE,Municipio
47,47960,MAGDALENA,ZAPAYÁN,Municipio
47,47980,MAGDALENA,ZONA BANANERA,Municipio
50,50001,META,VILLAVICENCIO,Municipio
50,50006,META,ACACÍAS,Municipio
50,50110,META,BARRANCA DE UPÍA,Municipio
50,50124,META,CABUYARO,Municipio
50,50150,META,CASTILLA LA NUEVA,Municipio
50,50223,META,CUBARRAL,Municipio
50,50226,META,CUMARAL,Municipio
50,50245,META,EL CALVARIO,Municipio
50,50251,META,EL CASTILLO,Municipio
50,50270,META,EL DORADO,Municipio
50,50287,META,FUENTE DE ORO,Municipio
50,50313,META,GRANADA,Municipio
50,50318,META,GUAMAL,Municipio
50,50325,META,MAPIRIPÁN,Municipio
50,50330,META,MESETAS,Municipio
50,50350,META,LA MACARENA,Municipio
50,50370,META,URIBE,Municipio
50,50400,META,LEJANÍAS,Municipio
50,50450,META,PUERTO CONCORDIA,Municipio
50,50568,META,PUERTO GAITÁN,Municipio
50,50573,META,PUERTO LÓPEZ,Municipio
50,50577,META,PUERTO LLERAS,Municipio
50,50590,META,PUERTO RICO,Municipio
50,50606,META,RESTREPO,Municipio
50,50680,META,SAN CARLOS DE GUAROA,Municipio
50,50683,META,SAN JUAN DE ARAMA,Municipio
50,50686,META,SAN JUANITO,Municipio
50,50689,META,SAN MARTÍN,Municipio
50,50711,META,VISTAHERMOSA,Municipio
52,52001,NARIÑO,PASTO,Municipio
52,52019,NARIÑO,ALBÁN,Municipio
52,52022,NARIÑO,ALDANA,Municipio
52,52036,NARIÑO,ANCUYA,Municipio
52,52051,NARIÑO,ARBOLEDA,Municipio
52,52079,NARIÑO,BARBACOAS,Municipio
52,52083,NARIÑO,BELÉN,Municipio
52,52110,NARIÑO,BUESACO,Municipio
52,52203,NARIÑO,COLÓN,Municipio
52,52207,NARIÑO,CONSACÁ,Municipio
52,52210,NARIÑO,CONTADERO,Municipio
52,52215,NARIÑO,CÓRDOBA,Municipio
52,52224,NARIÑO,CUASPUD CARLOSAMA,Municipio
52,52227,NARIÑO,CUMBAL,Municipio
52,52233,NARIÑO,CUMBITARA,Municipio
52,52240,NARIÑO,CHACHAGÜÍ,Municipio
52,52250,NARIÑO,EL CHARCO,Municipio
52,52254,NARIÑO,EL PEÑOL,Municipio
52,52256,NARIÑO,EL ROSARIO,Municipio
52,52258,NARIÑO,EL TABLÓN DE GÓMEZ,Municipio
52,52260,NARIÑO,EL TAMBO,Municipio
52,52287,NARIÑO,FUNES,Municipio
52,52317,NARIÑO,GUACHUCAL,Municipio
52,52320,NARIÑO,GUAITARILLA,Municipio
52,52323,NARIÑO,GUALMATÁN,Municipio
52,52352,NARIÑO,ILES,Municipio
52,52354,NARIÑO,IMUÉS,Municipio
52,52356,NARIÑO,IPIALES,Municipio
52,52378,NARIÑO,LA CRUZ,Municipio
52,52381,NARIÑO,LA FLORIDA,Municipio
52,52385,NARIÑO,LA LLANADA,Municipio
52,52390,NARIÑO,LA TOLA,Municipio
52,52399,NARIÑO,LA UNIÓN,Municipio
52,52405,NARIÑO,LEIVA,Municipio
52,52411,NARIÑO,LINARES,Municipio
52,52418,NARIÑO,LOS ANDES,Municipio
52,52427,NARIÑO,MAGÜÍ,Municipio
52,52435,NARIÑO,MALLAMA,Municipio
52,52473,NARIÑO,MOSQUERA,Municipio
52,52480,NARIÑO,NARIÑO,Municipio
52,52490,NARIÑO,OLAYA HERRERA,Municipio
52,52506,NARIÑO,OSPINA,Municipio
52,52520,NARIÑO,FRANCISCO PIZARRO,Municipio
52,52540,NARIÑO,POLICARPA,Municipio
52,52560,NARIÑO,POTOSÍ,Municipio
52,52565,NARIÑO,PROVIDENCIA,Municipio
52,52573,NARIÑO,PUERRES,Municipio
52,52585,NARIÑO,PUPIALES,Municipio
52,52612,NARIÑO,RICAURTE,Municipio
52,52621,NARIÑO,ROBERTO PAYÁN,Municipio
52,52678,NARIÑO,SAMANIEGO,Municipio
52,52683,NARIÑO,SANDONÁ,Municipio
52,52685,NARIÑO,SAN BERNARDO,Municipio
52,52687,NARIÑO,SAN LORENZO,Municipio
52,52693,NARIÑO,SAN PABLO,Municipio
52,52694,NARIÑO,SAN PEDRO DE CARTAGO,Municipio
52,52696,NARIÑO,SANTA BÁRBARA,Municipio
52,52699,NARIÑO,SANTACRUZ,Municipio
52,52720,NARIÑO,SAPUYES,Municipio
52,52786,NARIÑO,TAMINANGO,Municipio
52,52788,NARIÑO,TANGUA,Municipio
52,52835,NARIÑO,SAN ANDRÉS DE TUMACO,Municipio
52,52838,NARIÑO,TÚQUERRES,Municipio
52,52885,NARIÑO,YACUANQUER,Municipio
54,54001,NORTE DE SANTANDER,SAN JOSÉ DE CÚCUTA,Municipio
54,54003,NORTE DE SANTANDER,ÁBREGO,Municipio
54,54051,NORTE DE SANTANDER,ARBOLEDAS,Municipio
54,54099,NORTE DE SANTANDER,BOCHALEMA,Municipio
54,54109,NORTE DE SANTANDER,BUCARASICA,Municipio
54,54125,NORTE DE SANTANDER,CÁCOTA,Municipio
54,54128,NORTE DE SANTANDER,CÁCHIRA,Municipio
54,54172,NORTE DE SANTANDER,CHINÁCOTA,Municipio
54,54174,NORTE DE SANTANDER,CHITAGÁ,Municipio
54,54206,NORTE DE SANTANDER,CONVENCIÓN,Municipio
54,54223,NORTE DE SANTANDER,CUCUTILLA,Municipio
54,54239,NORTE DE SANTANDER,DURANIA,Municipio
54,54245,NORTE DE SANTANDER,EL CARMEN,Municipio
54,54250,NORTE DE SANTANDER,EL TARRA,Municipio
54,54261,NORTE DE SANTANDER,EL ZULIA,Municipio
54,54313,NORTE DE SANTANDER,GRAMALOTE,Municipio
54,54344,NORTE DE SANTANDER,HACARÍ,Municipio
54,54347,NORTE DE SANTANDER,HERRÁN,Municipio
54,54377,NORTE DE SANTANDER,LABATECA,Municipio
54,54385,NORTE DE SANTANDER,LA ESPERANZA,Municipio
54,54398,NORTE DE SANTANDER,LA PLAYA,Municipio
54,54405,NORTE DE SANTANDER,LOS PATIOS,Municipio
54,54418,NORTE DE SANTANDER,LOURDES,Municipio
54,54480,NORTE DE SANTANDER,MUTISCUA,Municipio
54,54498,NORTE DE SANTANDER,OCAÑA,Municipio
54,54518,NORTE DE SANTANDER,PAMPLONA,Municipio
54,54520,NORTE DE SANTANDER,PAMPLONITA,Municipio
54,54553,NORTE DE SANTANDER,PUERTO SANTANDER,Municipio
54,54599,NORTE DE SANTANDER,RAGONVALIA,Municipio
54,54660,NORTE DE SANTANDER,SALAZAR,Municipio
54,54670,NORTE DE SANTANDER,SAN CALIXTO,Municipio
54,54673,NORTE DE SANTANDER,SAN CAYETANO,Municipio
54,54680,NORTE DE SANTANDER,SANTIAGO,Municipio
54,54720,NORTE DE SANTANDER,SARDINATA,Municipio
54,54743,NORTE DE SANTANDER,SILOS,Municipio
54,54800,NORTE DE SANTANDER,TEORAMA,Municipio
54,54810,NORTE DE SANTANDER,TIBÚ,Municipio
54,54820,NORTE DE SANTANDER,TOLEDO,Municipio
54,54871,NORTE DE SANTANDER,VILLA CARO,Municipio
54,54874,NORTE DE SANTANDER,VILLA DEL ROSARIO,Municipio
63,63001,QUINDÍO,ARMENIA,Municipio
63,63111,QUINDÍO,BUENAVISTA,Municipio
63,63130,QUINDÍO,CALARCÁ,Municipio
63,63190,QUINDÍO,CIRCASIA,Municipio
63,63212,QUINDÍO,CÓRDOBA,Municipio
63,63272,QUINDÍO,FILANDIA,Municipio
63,63302,QUINDÍO,GÉNOVA,Municipio
63,63401,QUINDÍO,LA TEBAIDA,Municipio
63,63470,QUINDÍO,MONTENEGRO,Municipio
63,63548,QUINDÍO,PIJAO,Municipio
63,63594,QUINDÍO,QUIMBAYA,Municipio
63,63690,QUINDÍO,SALENTO,Municipio
66,66001,RISARALDA,PEREIRA,Municipio
66,66045,RISARALDA,APÍA,Municipio
66,66075,RISARALDA,BALBOA,Municipio
66,66088,RISARALDA,BELÉN DE UMBRÍA,Municipio
66,66170,RISARALDA,DOSQUEBRADAS,Municipio
66,66318,RISARALDA,GUÁTICA,Municipio
66,66383,RISARALDA,LA CELIA,Municipio
66,66400,RISARALDA,LA VIRGINIA,Municipio
66,66440,RISARALDA,MARSELLA,Municipio
66,66456,RISARALDA,MISTRATÓ,Municipio
66,66572,RISARALDA,PUEBLO RICO,Municipio
66,66594,RISARALDA,QUINCHÍA,Municipio
66,66682,RISARALDA,SANTA ROSA DE CABAL,Municipio
66,66687,RISARALDA,SANTUARIO,Municipio
68,68001,SANTANDER,BUCARAMANGA,Municipio
68,68013,SANTANDER,AGUADA,Municipio
68,68020,SANTANDER,ALBANIA,Municipio
68,68051,SANTANDER,ARATOCA,Municipio
68,68077,SANTANDER,BARBOSA,Municipio
68,68079,SANTANDER,BARICHARA,Municipio
68,68081,SANTANDER,BARRANCABERMEJA,Municipio
68,68092,SANTANDER,BETULIA,Municipio
68,68101,SANTANDER,BOLÍVAR,Municipio
68,68121,SANTANDER,CABRERA,Municipio
68,68132,SANTANDER,CALIFORNIA,Municipio
68,68147,SANTANDER,CAPITANEJO,Municipio
68,68152,SANTANDER,CARCASÍ,Municipio
68,68160,SANTANDER,CEPITÁ,Municipio
68,68162,SANTANDER,CERRITO,Municipio
68,68167,SANTANDER,CHARALÁ,Municipio
68,68169,SANTANDER,CHARTA,Municipio
68,68176,SANTANDER,CHIMA,Municipio
68,68179,SANTANDER,CHIPATÁ,Municipio
68,68190,SANTANDER,CIMITARRA,Municipio
68,68207,SANTANDER,CONCEPCIÓN,Municipio
68,68209,SANTANDER,CONFINES,Municipio
68,68211,SANTANDER,CONTRATACIÓN,Municipio
68,68217,SANTANDER,COROMORO,Municipio
68,68229,SANTANDER,CURITÍ,Municipio
68,68235,SANTANDER,EL CARMEN DE CHUCURI,Municipio
68,68245,SANTANDER,EL GUACAMAYO,Municipio
68,68250,SANTANDER,EL PEÑÓN,Municipio
68,68255,SANTANDER,EL PLAYÓN,Municipio
68,68264,SANTANDER,ENCINO,Municipio
68,68266,SANTANDER,ENCISO,Municipio
68,68271,SANTANDER,FLORIÁN,Municipio
68,68276,SANTANDER,FLORIDABLANCA,Municipio
68,68296,SANTANDER,GALÁN,Municipio
68,68298,SANTANDER,GÁMBITA,Municipio
68,68307,SANTANDER,GIRÓN,Municipio
68,68318,SANTANDER,GUACA,Municipio
68,68320,SANTANDER,GUADALUPE,Municipio
68,68322,SANTANDER,GUAPOTÁ,Municipio
68,68324,SANTANDER,GUAVATÁ,Municipio
68,68327,SANTANDER,GÜEPSA,Municipio
68,68344,SANTANDER,HATO,Municipio
68,68368,SANTANDER,JESÚS MARÍA,Municipio
68,68370,SANTANDER,JORDÁN,Municipio
68,68377,SANTANDER,LA BELLEZA,Municipio
68,68385,SANTANDER,LANDÁZURI,Municipio
68,68397,SANTANDER,LA PAZ,Municipio
68,68406,SANTANDER,LEBRIJA,Municipio
68,68418,SANTANDER,LOS SANTOS,Municipio
68,68425,SANTANDER,MACARAVITA,Municipio
68,68432,SANTANDER,MÁLAGA,Municipio
68,68444,SANTANDER,MATANZA,Municipio
68,68464,SANTANDER,MOGOTES,Municipio
68,68468,SANTANDER,MOLAGAVITA,Municipio
68,68498,SANTANDER,OCAMONTE,Municipio
68,68500,SANTANDER,OIBA,Municipio
68,68502,SANTANDER,ONZAGA,Municipio
68,68522,SANTANDER,PALMAR,Municipio
68,68524,SANTANDER,PALMAS DEL SOCORRO,Municipio
68,68533,SANTANDER,PÁRAMO,Municipio
68,68547,SANTANDER,PIEDECUESTA,Municipio
68,68549,SANTANDER,PINCHOTE,Municipio
68,68572,SANTANDER,PUENTE NACIONAL,Municipio
68,68573,SANTANDER,PUERTO PARRA,Municipio
68,68575,SANTANDER,PUERTO WILCHES,Municipio
68,68615,SANTANDER,RIONEGRO,Municipio
68,68655,SANTANDER,SABANA DE TORRES,Municipio
68,68669,SANTANDER,SAN ANDRÉS,Municipio
68,68673,SANTANDER,SAN BENITO,Municipio
68,68679,SANTANDER,SAN GIL,Municipio
68,68682,SANTANDER,SAN JOAQUÍN,Municipio
68,68684,SANTANDER,SAN JOSÉ DE MIRANDA,Municipio
68,68686,SANTANDER,SAN MIGUEL,Municipio
68,68689,SANTANDER,SAN VICENTE DE CHUCURÍ,Municipio
68,68705,SANTANDER,SANTA BÁRBARA,Municipio
68,68720,SANTANDER,SANTA HELENA DEL OPÓN,Municipio
68,68745,SANTANDER,SIMACOTA,Municipio
68,68755,SANTANDER,SOCORRO,Municipio
68,68770,SANTANDER,SUAITA,Municipio
68,68773,SANTANDER,SUCRE,Municipio
68,68780,SANTANDER,SURATÁ,Municipio
68,68820,SANTANDER,TONA,Municipio
68,68855,SANTANDER,VALLE DE SAN JOSÉ,Municipio
68,68861,SANTANDER,VÉLEZ,Municipio
68,68867,SANTANDER,VETAS,Municipio
68,68872,SANTANDER,VILLANUEVA,Municipio
68,68895,SANTANDER,ZAPATOCA,Municipio
70,70001,SUCRE,SINCELEJO,Municipio
70,70110,SUCRE,BUENAVISTA,Municipio
70,70124,SUCRE,CAIMITO,Municipio
70,70204,SUCRE,COLOSÓ,Municipio
70,70215,SUCRE,COROZAL,Municipio
70,70221,SUCRE,COVEÑAS,Municipio
70,70230,SUCRE,CHALÁN,Municipio
70,70233,SUCRE,EL ROBLE,Municipio
70,70235,SUCRE,GALERAS,Municipio
70,70265,SUCRE,GUARANDA,Municipio
70,70400,SUCRE,LA UNIÓN,Municipio
70,70418,SUCRE,LOS PALMITOS,Municipio
70,70429,SUCRE,MAJAGUAL,Municipio
70,70473,SUCRE,MORROA,Municipio
70,70508,SUCRE,OVEJAS,Municipio
70,70523,SUCRE,PALMITO,Municipio
70,70670,SUCRE,SAMPUÉS,Municipio
70,70678,SUCRE,SAN BENITO ABAD,Municipio
70,70702,SUCRE,SAN JUAN DE BETULIA,Municipio
70,70708,SUCRE,SAN MARCOS,Municipio
70,70713,SUCRE,SAN ONOFRE,Municipio
70,70717,SUCRE,SAN PEDRO,Municipio
70,70742,SUCRE,SAN LUIS DE SINCÉ,Municipio
70,70771,SUCRE,SUCRE,Municipio
70,70820,SUCRE,SANTIAGO DE TOLÚ,Municipio
70,70823,SUCRE,SAN JOSÉ DE TOLUVIEJO,Municipio
73,73001,TOLIMA,IBAGUÉ,Municipio
73,73024,TOLIMA,ALPUJARRA,Municipio
73,73026,TOLIMA,ALVARADO,Municipio
73,73030,TOLIMA,AMBALEMA,Municipio
73,73043,TOLIMA,ANZOÁTEGUI,Municipio
73,73055,TOLIMA,ARMERO,Municipio
73,73067,TOLIMA,ATACO,Municipio
73,73124,TOLIMA,CAJAMARCA,Municipio
73,73148,TOLIMA,CARMEN DE APICALÁ,Municipio
73,73152,TOLIMA,CASABIANCA,Municipio
73,73168,TOLIMA,CHAPARRAL,Municipio
73,73200,TOLIMA,COELLO,Municipio
73,73217,TOLIMA,COYAIMA,Municipio
73,73226,TOLIMA,CUNDAY,Municipio
73,73236,TOLIMA,DOLORES,Municipio
73,73268,TOLIMA,ESPINAL,Municipio
73,73270,TOLIMA,FALAN,Municipio
73,73275,TOLIMA,FLANDES,Municipio
73,73283,TOLIMA,FRESNO,Municipio
73,73319,TOLIMA,GUAMO,Municipio
73,73347,TOLIMA,HERVEO,Municipio
73,73349,TOLIMA,HONDA,Municipio
73,73352,TOLIMA,ICONONZO,Municipio
73,73408,TOLIMA,LÉRIDA,Municipio
73,73411,TOLIMA,LÍBANO,Municipio
73,73443,TOLIMA,SAN SEBASTIÁN DE MARIQUITA,Municipio
73,73449,TOLIMA,MELGAR,Municipio
73,73461,TOLIMA,MURILLO,Municipio
73,73483,TOLIMA,NATAGAIMA,Municipio
73,73504,TOLIMA,ORTEGA,Municipio
73,73520,TOLIMA,PALOCABILDO,Municipio
73,73547,TOLIMA,PIEDRAS,Municipio
73,73555,TOLIMA,PLANADAS,Municipio
73,73563,TOLIMA,PRADO,Municipio
73,73585,TOLIMA,PURIFICACIÓN,Municipio
73,73616,TOLIMA,RIOBLANCO,Municipio
73,73622,TOLIMA,RONCESVALLES,Municipio
73,73624,TOLIMA,ROVIRA,Municipio
73,73671,TOLIMA,SALDAÑA,Municipio
73,73675,TOLIMA,SAN ANTONIO,Municipio
73,73678,TOLIMA,SAN LUIS,Municipio
73,73686,TOLIMA,SANTA ISABEL,Municipio
73,73770,TOLIMA,SUÁREZ,Municipio
73,73854,TOLIMA,VALLE DE SAN JUAN,Municipio
73,73861,TOLIMA,VENADILLO,Municipio
73,73870,TOLIMA,VILLAHERMOSA,Municipio
73,73873,TOLIMA,VILLARRICA,Municipio
76,76001,VALLE DEL CAUCA,CALI,Municipio
76,76020,VALLE DEL CAUCA,ALCALÁ,Municipio
76,76036,VALLE DEL CAUCA,ANDALUCÍA,Municipio
76,76041,VALLE DEL CAUCA,ANSERMANUEVO,Municipio
76,76054,VALLE DEL CAUCA,ARGELIA,Municipio
76,76100,VALLE DEL CAUCA,BOLÍVAR,Municipio
76,76109,VALLE DEL CAUCA,BUENAVENTURA,Municipio
76,76111,VALLE DEL CAUCA,GUADALAJARA DE BUGA,Municipio
76,76113,VALLE DEL CAUCA,BUGALAGRANDE,Municipio
76,76122,VALLE DEL CAUCA,CAICEDONIA,Municipio
76,76126,VALLE DEL CAUCA,CALIMA,Municipio
76,76130,VALLE DEL CAUCA,CANDELARIA,Municipio
76,76147,VALLE DEL CAUCA,CARTAGO,Municipio
76,76233,VALLE DEL CAUCA,DAGUA,Municipio
76,76243,VALLE DEL CAUCA,EL ÁGUILA,Municipio
76,76246,VALLE DEL CAUCA,EL CAIRO,Municipio
76,76248,VALLE DEL CAUCA,EL CERRITO,Municipio
76,76250,VALLE DEL CAUCA,EL DOVIO,Municipio
76,76275,VALLE DEL CAUCA,FLORIDA,Municipio
76,76306,VALLE DEL CAUCA,GINEBRA,Municipio
76,76318,VALLE DEL CAUCA,GUACARÍ,Municipio
76,76364,VALLE DEL CAUCA,JAMUNDÍ,Municipio
76,76377,VALLE DEL CAUCA,LA CUMBRE,Municipio
76,76400,VALLE DEL CAUCA,LA UNIÓN,Municipio
76,76403,VALLE DEL CAUCA,LA VICTORIA,Municipio
76,76497,VALLE DEL CAUCA,OBANDO,Municipio
76,76520,VALLE DEL CAUCA,PALMIRA,Municipio
76,76563,VALLE DEL CAUCA,PRADERA,Municipio
76,76606,VALLE DEL CAUCA,RESTREPO,Municipio
76,76616,VALLE DEL CAUCA,RIOFRÍO,Municipio
76,76622,VALLE DEL CAUCA,ROLDANILLO,Municipio
76,76670,VALLE DEL CAUCA,SAN PEDRO,Municipio
76,76736,VALLE DEL CAUCA,SEVILLA,Municipio
76,76823,VALLE DEL CAUCA,TORO,Municipio
76,76828,VALLE DEL CAUCA,TRUJILLO,Municipio
76,76834,VALLE DEL CAUCA,TULUÁ,Municipio
76,76845,VALLE DEL CAUCA,ULLOA,Municipio
76,76863,VALLE DEL CAUCA,VERSALLES,Municipio
76,76869,VALLE DEL CAUCA,VIJES,Municipio
76,76890,VALLE DEL CAUCA,YOTOCO,Municipio
76,76892,VALLE DEL CAUCA,YUMBO,Municipio
76,76895,VALLE DEL CAUCA,ZARZAL,Municipio
81,81001,ARAUCA,ARAUCA,Municipio
81,81065,ARAUCA,ARAUQUITA,Municipio
81,81220,ARAUCA,CRAVO NORTE,Municipio
81,81300,ARAUCA,FORTUL,Municipio
81,81591,ARAUCA,PUERTO RONDÓN,Municipio
81,81736,ARAUCA,SARAVENA,Municipio
81,81794,ARAUCA,TAME,Municipio
85,85001,CASANARE,YOPAL,Municipio
85,85010,CASANARE,AGUAZUL,Municipio
85,85015,CASANARE,CHÁMEZA,Municipio
85,85125,CASANARE,HATO COROZAL,Municipio
85,85136,CASANARE,LA SALINA,Municipio
85,85139,CASANARE,MANÍ,Municipio
85,85162,CASANARE,MONTERREY,Municipio
85,85225,CASANARE,NUNCHÍA,Municipio
85,85230,CASANARE,OROCUÉ,Municipio
85,85250,CASANARE,PAZ DE ARIPORO,Municipio
85,85263,CASANARE,PORE,Municipio
85,85279,CASANARE,RECETOR,Municipio
85,85300,CASANARE,SABANALARGA,Municipio
85,85315,CASANARE,SÁCAMA,Municipio
85,85325,CASANARE,SAN LUIS DE PALENQUE,Municipio
85,85400,CASANARE,TÁMARA,Municipio
85,85410,CASANARE,TAURAMENA,Municipio
85,85430,CASANARE,TRINIDAD,Municipio
85,85440,CASANARE,VILLANUEVA,Municipio
86,86001,PUTUMAYO,MOCOA,Municipio
86,86219,PUTUMAYO,COLÓN,Municipio
86,86320,PUTUMAYO,ORITO,Municipio
86,86568,PUTUMAYO,PUERTO ASÍS,Municipio
86,86569,PUTUMAYO,PUERTO CAICEDO,Municipio
86,86571,PUTUMAYO,PUERTO GUZMÁN,Municipio
86,86573,PUTUMAYO,PUERTO LEGUÍZAMO,Municipio
86,86749,PUTUMAYO,SIBUNDOY,Municipio
86,86755,PUTUMAYO,SAN FRANCISCO,Municipio
86,86757,PUTUMAYO,SAN MIGUEL,Municipio
86,86760,PUTUMAYO,SANTIAGO,Municipio
86,86865,PUTUMAYO,VALLE DEL GUAMUEZ,Municipio
86,86885,PUTUMAYO,VILLAGARZÓN,Municipio
88,88001,ARCHIPIÉLAGO DE SAN ANDRÉS. PROVIDENCIA Y SANTA CATALINA,SAN ANDRÉS,Isla
88,88564,ARCHIPIÉLAGO DE SAN ANDRÉS. PROVIDENCIA Y SANTA CATALINA,PROVIDENCIA,Municipio
91,91001,AMAZONAS,LETICIA,Municipio
91,91263,AMAZONAS,EL ENCANTO,Área no municipalizada
91,91405,AMAZONAS,LA CHORRERA,Área no municipalizada
91,91407,AMAZONAS,LA PEDRERA,Área no municipalizada
91,91430,AMAZONAS,LA VICTORIA,Área no municipalizada
91,91460,AMAZONAS,MIRITÍ - PARANÁ,Área no municipalizada
91,91530,AMAZONAS,PUERTO ALEGRÍA,Área no municipalizada
91,91536,AMAZONAS,PUERTO ARICA,Área no municipalizada
91,91540,AMAZONAS,PUERTO NARIÑO,Municipio
91,91669,AMAZONAS,PUERTO SANTANDER,Área no municipalizada
91,91798,AMAZONAS,TARAPACÁ,Área no municipalizada
94,94001,GUAINÍA,INÍRIDA,Municipio
94,94343,GUAINÍA,BARRANCOMINAS,Municipio
94,94883,GUAINÍA,SAN FELIPE,Área no municipalizada
94,94884,GUAINÍA,PUERTO COLOMBIA,Área no municipalizada
94,94885,GUAINÍA,LA GUADALUPE,Área no municipalizada
94,94886,GUAINÍA,CACAHUAL,Área no municipalizada
94,94887,GUAINÍA,PANA PANA,Área no municipalizada
94,94888,GUAINÍA,MORICHAL,Área no municipalizada
95,95001,GUAVIARE,SAN JOSÉ DEL GUAVIARE,Municipio
95,95015,GUAVIARE,CALAMAR,Municipio
95,95025,GUAVIARE,EL RETORNO,Municipio
95,95200,GUAVIARE,MIRAFLORES,Municipio
97,97001,VAUPÉS,MITÚ,Municipio
97,97161,VAUPÉS,CARURÚ,Municipio
97,97511,VAUPÉS,PACOA,Área no municipalizada
97,97666,VAUPÉS,TARAIRA,Municipio
97,97777,VAUPÉS,PAPUNAHUA,Área no municipalizada
97,97889,VAUPÉS,YAVARATÉ,Área no municipalizada
99,99001,VICHADA,PUERTO CARREÑO,Municipio
99,99524,VICHADA,LA PRIMAVERA,Municipio
99,99624,VICHADA,SANTA ROSALÍA,Municipio
99,99773,VICHADA,CUMARIBO,Municipio